grdc_no,river,station,country,lat,long,area,kge,r,beta,alpha,nse,pbias,source,match_km,px_lon,px_lat,wmo_reg,sub_reg,nat_id,altitude,ds_stat_no,d_start,d_end,d_yrs,d_miss,m_start,m_end,m_yrs,m_miss,t_start,t_end,t_yrs,lta_discha,r_volume_y,r_height_y,gid4fname
6246701,MUERZ,NEUBERG AN DER MUERZ,AT,47.65720000000,15.59390000000,229,0.640834378505086,0.737484598230918,0.805285337958748,0.851097992343935,0.490926307148819,-19.5,GRDC,,15.5908203125,47.6591796875,6,46,211227,731,6246700,1961,2012,52,0.01000000000,0,0,0,0.00000000000,1961,2012,52,7.04000000000,0.22000000000,968.08000000000,mask_6246701
6242600,TRAUN (TRIB. DANUBE),EBENSEE,AT,47.80610000000,13.76750000000,1258,0.756050640293536,0.811518343684213,0.846505393115648,0.979375718410825,0.599690692440945,-15.3,GRDC,,13.7060546875,47.7587890625,6,42,205203,423,6242401,1951,2012,62,0.00000000000,0,0,0,0.00000000000,1951,2012,62,64.35000000000,2.03000000000,0.00000000000,mask_6242600
6935541,LANDQUART,KLOSTERS,CH,46.85800000000,9.93690000000,112,0.609867280509742,0.751559573177523,0.699791493508026,0.981138776100482,0.434569408379173,-30.0,GRDC,,9.9189453125,46.8583984375,6,35,2413,1364,6935540,1933,2004,72,0.00000000000,0,0,0,0.00000000000,1933,2004,72,5.68000000000,0.18000000000,0.00000000000,mask_6935541
6935065,SUZE,SONCEBOZ,CH,47.19680000000,7.17220000000,150,0.676226737516173,0.747331772773109,1.15950426239331,1.12468473333896,0.383279993968044,16.0,GRDC,,7.2177734375,47.1884765625,6,35,2307,691,6935060,1961,2014,54,0.00000000000,0,0,0,0.00000000000,1961,2014,54,4.25000000000,0.13000000000,892.68000000000,mask_6935065
6948100,TICINO,BELLINZONA,CH,46.19380000000,9.00930000000,1515,0.647568947106712,0.778983996166285,0.919029079775441,1.26230379938315,0.365403495817472,-8.1,GRDC,,9.0107421875,46.1923828125,6,48,0,270,6348350,1911,2014,104,0.00000000000,1961,1993,33,0.00000000000,1911,2014,104,69.14000000000,2.18000000000,0.00000000000,mask_6948100
6935560,TOESS,NEFTENBACH,CH,47.51880000000,8.65300000000,342,0.706447753132712,0.778280564033519,1.18061023986877,0.933717614631911,0.55409376686685,18.1,GRDC,,8.6669921875,47.5166015625,6,35,2132,436,6935054,1921,2014,94,0.00000000000,0,0,0,0.00000000000,1921,2014,94,7.78000000000,0.25000000000,717.31000000000,mask_6935560
6140700,DIVOKA ORLICE,NEKOR,CZ,50.07000000000,16.55000000000,182,0.517021850939112,0.736854504703444,0.811454315394135,0.641568883058519,0.505866350621525,-18.9,GRDC,,16.5517578125,50.0673828125,6,40,25000,431,6140400,1906,2014,109,0.00000000000,1906,2000,95,0.18000000000,1906,2014,109,3.37000000000,0.11000000000,584.63000000000,mask_6140700
6335360,DILL,ASSLAR,DE,50.58230000000,8.46410000000,692,0.722314549596118,0.886610779347954,1.20700089641496,0.853703305268608,0.762341054630931,20.7,GRDC,,8.4658203125,50.5849609375,6,35,25842500,155,6335350,1962,2013,52,0.00000000000,0,0,0,0.00000000000,1962,2013,52,9.14000000000,0.29000000000,416.41000000000,mask_6335360
6335696,FILS,GEISLINGEN (BRUECKE),DE,48.62280000000,9.83930000000,138,0.691985857089491,0.76151919486861,1.15596869802467,0.8830667581341,0.545881571217469,15.6,GRDC,,9.8056640625,48.6123046875,6,35,120014390,0,6335695,1953,2010,58,0.00000000000,0,0,0,0.00000000000,1953,2010,58,2.58000000000,0.08000000000,591.07000000000,mask_6335696
6338163,HASE,EVERSBURG,DE,52.30820000000,8.00020000000,323,0.504999393286181,0.775488002480024,1.41544425943154,1.14841169402045,0.259397556875352,41.5,GRDC,,8.0556640625,52.2705078125,6,38,3619101,56,6338162,1950,2012,63,0.00000000000,0,0,0,0.00000000000,1950,2012,63,3.57000000000,0.11000000000,348.95000000000,mask_6338163
6337340,HASEL,ELLINGSHAUSEN,DE,50.54560000000,10.47560000000,321,0.774223235586617,0.794939467259765,1.08775699094752,0.965013776981431,0.594224845948019,8.8,GRDC,,10.4755859375,50.5458984375,6,37,422000,307,6337511,1935,2012,78,0.00000000000,0,0,0,0.00000000000,1935,2012,78,4.63000000000,0.15000000000,454.96000000000,mask_6337340
6342200,ILLER,KEMPTEN,DE,47.73040000000,10.31690000000,955,0.763601345711108,0.785238668202663,0.902080866993803,0.986819047623635,0.562710339852705,-9.8,GRDC,,10.3232421875,47.7216796875,6,42,11402001,656,6342201,1900,2012,113,0.00000000000,1976,1987,12,0.00000000000,1900,2012,113,46.65000000000,1.47000000000,0.00000000000,mask_6342200
6342830,ILZ,KALTENECK,DE,48.68890000000,13.45190000000,762,0.777365873478326,0.781044633528742,0.962282069777502,0.985792272340854,0.566491758914787,-3.8,GRDC,,13.4541015625,48.6904296875,6,42,17406005,328,6342900,1920,2012,93,0.00000000000,0,0,0,0.00000000000,1920,2012,93,16.01000000000,0.50000000000,662.67000000000,mask_6342830
6335125,KINZIG (TRIB. RHEIN),SCHWAIBACH,DE,48.39170000000,8.03260000000,954,0.758435718602041,0.84655233178084,1.10737242609473,0.847427796502947,0.707881211282458,10.7,GRDC,,8.0244140625,48.3916015625,6,35,390,173,6335200,1914,2012,99,0.00000000000,0,0,0,0.00000000000,1914,2012,99,22.89000000000,0.72000000000,756.60000000000,mask_6335125
6343111,LEITZACH,STAUDEN,DE,47.71000000000,11.93540000000,112,0.663192769435885,0.752403708258658,0.900679789064028,1.2055983525611,0.341102614167585,-9.9,GRDC,,11.9365234375,47.7314453125,6,43,18242005,748,6343110,1940,2006,67,0.00000000000,0,0,0,0.00000000000,1940,2006,67,4.65000000000,0.15000000000,0.00000000000,mask_6343111
6337580,LENNE (TRIB. WESER),OELKASSEN,DE,51.94410000000,9.61210000000,66,0.65418192675317,0.795698578101949,1.06067215221375,0.727658378611834,0.626391128871196,6.1,GRDC,,9.6123046875,51.9521484375,6,37,4545104,128,6337514,1961,2012,52,0.01000000000,0,0,0,0.00000000000,1961,2012,52,0.84000000000,0.03000000000,403.81000000000,mask_6337580
6335116,NAHE,BOOS,DE,49.78000000000,7.72030000000,2832,0.434330707814153,0.840943129520745,1.5407121194307,0.951905676258618,0.545729506019629,54.1,GRDC,,7.7197265625,49.7822265625,6,35,25400600,134,6335115,1961,2013,53,0.04000000000,0,0,0,0.00000000000,1961,2013,53,26.23000000000,0.83000000000,292.13000000000,mask_6335116
6357503,NEISSE RIVER / NYSA LUZYCKA,HARTAU,DE,50.87220000000,14.82100000000,376,0.752360799505376,0.773697577356882,1.08924573401144,0.953657944712922,0.557672082365205,8.9,GRDC,,14.8173828125,50.8759765625,6,57,660010,233,6357502,1957,2012,56,1.82000000000,0,0,0,0.00000000000,1957,2012,56,5.96000000000,0.19000000000,499.54000000000,mask_6357503
6342620,REGEN,REGENSTAUF,DE,49.12800000000,12.12940000000,2658,0.550236957169819,0.848737711599321,1.21454193436879,1.36520990293385,0.386810146440465,21.5,GRDC,,12.1298828125,49.1298828125,6,42,15208500,334,6342600,1900,2008,109,0.93000000000,0,0,0,0.00000000000,1900,2008,109,37.71000000000,1.19000000000,447.42000000000,mask_6342620
6335030,RUHR,HATTINGEN,DE,51.39970000000,7.16100000000,4078,0.597148117849257,0.866086787758692,1.37988105344888,0.993124262208108,0.61778106566023,38.0,GRDC,,7.1611328125,51.3994140625,6,35,39605200,65,6335020,1960,2013,54,0.00000000000,0,0,0,0.00000000000,1960,2013,54,71.12000000000,2.24000000000,549.99000000000,mask_6335030
6340627,SCHWARZWASSER,AUE 1,DE,50.59640000000,12.71540000000,362,0.717207544101139,0.797512461291996,0.970579106456059,0.804795541023368,0.635244919806645,-2.9,GRDC,,12.7099609375,50.5869140625,6,40,563790,349,6340621,1927,2012,86,0.00000000000,0,0,0,0.00000000000,1927,2012,86,6.31000000000,0.20000000000,549.53000000000,mask_6340627
6340600,VEREINIGTE MULDE,BAD DUEBEN,DE,51.59100000000,12.58100000000,6171,0.442205081232113,0.84094125411379,1.49261462844108,1.20776504664221,0.347076904313986,49.3,GRDC,,12.5380859375,51.6025390625,6,40,560051,82,6340170,1960,2012,53,0.00000000000,0,0,0,0.00000000000,1960,2012,53,64.71000000000,2.04000000000,330.67000000000,mask_6340600
6337060,WUEMME,HELLWEGE SCHLEUSE,DE,53.07580000000,9.20580000000,955,0.72669003552256,0.828264782752007,1.19835378704792,0.923442002356429,0.617824132286065,19.8,GRDC,,9.2060546875,53.0751953125,6,37,4945108,12,-,1960,2012,53,0.00000000000,0,0,0,0.00000000000,1960,2012,53,9.80000000000,0.31000000000,323.52000000000,mask_6337060
6934310,LINDHOLM A,ELKAER BRO,DK,57.16000000000,9.92000000000,106,0.584350462835224,0.783986029064364,1.34796461283193,0.929125954520473,0.468067614781133,34.8,GRDC,,9.9541015625,57.1064453125,6,34,70003,0,-,1918,2002,85,0.00000000000,1918,2002,85,0.00000000000,1918,2002,85,0.94000000000,0.03000000000,278.47000000000,mask_6934310
6934350,RIBE A,STAVNAGER,DK,55.32000000000,8.88000000000,680,0.844274616637914,0.858635225991823,1.04021826227919,1.05146733985867,0.69612401711375,4.0,GRDC,,8.8525390625,55.3232421875,6,34,380024,0,-,1933,2002,70,0.93000000000,1933,2002,70,0.48000000000,1933,2002,70,8.88000000000,0.28000000000,411.68000000000,mask_6934350
6934571,SUSA,HOLLOESE MOELLE,DK,55.30000000000,11.68000000000,753,0.611412891227118,0.741236498074421,1.27486562928597,0.907857300816044,0.448772005404601,27.5,GRDC,,11.7373046875,55.2685546875,6,34,570058,0,-,1934,2002,69,0.00000000000,1934,2002,69,0.00000000000,1934,2002,69,5.71000000000,0.18000000000,239.14000000000,mask_6934571
7009091,ALCANADRE,LASCELLAS,ES,42.08861111,-0.108333333,501,0.444191706098301,0.746801571012004,1.48692748852289,1.08783527792816,0.364519000119178,48.7,CEDEX,0.03,-0.1083984375,42.0888671875,,,,390,,,,66.8,28.09,,,,,,,,,,,
7009004,ARGA,FUNES,ES,42.31583333,-1.8,2759,0.530158369702579,0.796677498421094,0.825081757255761,0.614234881997476,0.584707959462236,-17.5,CEDEX,0.15,-1.8017578125,42.3154296875,,,,284,,,,98.3,21.86,,,,,,,,,,,
7008090,CABRIEL,PAJARONCILLO,ES,39.94166667,-1.709722222,829,0.637422934207278,0.712144269345401,0.793487277048713,0.922839762653219,0.434377115211979,-20.7,CEDEX,0.17,-1.7080078125,39.9423828125,,,,940,,,,62.0,29.7,,,,,,,,,,,
7005062,CAMPILLO O GUADALBULLON,MENGIBAR GUADALBULLON,ES,37.97583333,-3.779722222,1111,0.645149832156082,0.716246295377719,1.20437845185397,1.06026545569199,0.383033028352416,20.4,CEDEX,0.85,-3.7783203125,37.9833984375,,,,226,,,,98.8,26.9,,,,,,,,,,,
7002040,CARRION,VILLOLDO,ES,42.25055556,-4.598888889,973,0.648484707876541,0.66285984492775,0.944188928962158,0.917631069060544,0.371303226512448,-5.6,CEDEX,0.82,-4.5986328125,42.2431640625,,,,787,,,,81.7,25.41,,,,,,,,,,,
7002093,DUERO,PUENTE PINO,ES,41.57777778,-6.185,63160,0.433456868802994,0.797545182741439,1.49762596685313,1.17986540409094,0.350678572487522,49.8,CEDEX,0.08,-6.1845703125,41.5771484375,,,,557,,,,52.0,16.51,,,,,,,,,,,
7009001,EBRO,MIRANDA DE EBRO,ES,42.68888889,-2.954166667,5481,0.600619582609339,0.715587792780149,1.27744644818501,0.959529238097189,0.402461497919624,27.7,CEDEX,0.05,-2.9541015625,42.6884765625,,,,459,,,,98.8,27.59,,,,,,,,,,,
7005057,GUADAIRA,GUADAIRA ENCAUZAMIENTO,ES,37.35444444,-5.958055556,1318,0.269203666697788,0.637333025867901,0.781455824157952,0.404370593533744,0.349476603272212,-21.9,CEDEX,3.4,-5.9794921875,37.3291015625,,,,15,,,,60.0,41.81,,,,,,,,,,,
7004019,GUADIANA,BENAVIDES,ES,38.84138889,-7.076944444,48570,0.55624628304219,0.726464494218945,1.33629851065629,0.905136940164582,0.476888207068423,33.6,CEDEX,0.16,-7.0751953125,38.8408203125,,,,155,,,,69.1,60.92,,,,,,,,,,,
7001346,NALON,GRADO,ES,43.40388889,-6.038888889,2637,0.565105410698188,0.645615998534514,1.15027765961569,0.797609515219383,0.379268827047619,15.0,CEDEX,0.09,-6.0380859375,43.4033203125,,,,54,,,,73.8,54.12,,,,,,,,,,,
7001769,SIL,SAN PEDRO,ES,42.44444444,-7.713888889,7982,0.804876446947129,0.883249155424519,0.928357312616674,0.86104041381976,0.776659732241534,-7.2,CEDEX,0.53,-7.7099609375,42.4482421875,,,,120,,,,79.9,30.34,,,,,,,,,,,
7004105,ZUJAR,VILLANUEVA DE LA SERENA,ES,39.00166667,-5.757222222,8508,0.364143234916948,0.555270747504694,1.14192249750404,0.568273556080863,0.30659305377935,14.2,CEDEX,0.08,-5.7568359375,39.0009765625,,,,250,,,,87.0,66.28,,,,,,,,,,,
6854601,IIJOKI,SUOLIJAERVI -OUTLET,FI,65.14450000000,28.06900000000,1313,0.783536945483171,0.784785391145828,1.02264600383657,0.994892689872804,0.571461869642669,2.3,GRDC,,28.0693359375,65.1435546875,6,54,6100620,150,6854600,1961,2013,53,0.33000000000,0,0,0,0.00000000000,1961,2013,53,17.90000000000,0.56000000000,429.86000000000,mask_6854601
6854800,KALAJOKI,NISKAKOSKI (NEAR THE MOUTH),FI,64.20260000000,24.11400000000,3065,0.685109625245131,0.789539469814377,1.21296143695885,0.902482105664288,0.590836472276996,21.3,GRDC,,24.1630859375,64.1962890625,6,54,5300740,30,-,1911,2011,101,0.01000000000,1911,2001,91,0.00000000000,1911,2011,101,27.19000000000,0.86000000000,279.80000000000,mask_6854800
6854708,KEMIJOKI,OLKKAJAERVI; PERMANTOKOSKI,FI,66.49280000000,26.12700000000,3522,0.829230673324863,0.832322600669919,1.01928539246672,1.02597164462226,0.65501960130124,1.9,GRDC,,26.1279296875,66.4658203125,6,54,6502550,99,6854707,1962,2015,54,0.00000000000,0,0,0,0.00000000000,1962,2015,54,41.52000000000,1.31000000000,371.74000000000,mask_6854708
6854705,KEMIJOKI,KEMIHAARI,FI,67.19850000000,27.78550000000,8538,0.781747963288158,0.88932812801542,1.05520868873453,1.17982683050232,0.704253538680599,5.5,GRDC,,27.8173828125,67.1923828125,6,54,6501700,155,6854704,1921,2013,93,12.54000000000,0,0,0,0.00000000000,1921,2013,93,110.37000000000,3.48000000000,407.66000000000,mask_6854705
6854640,KOUTAJOKI,OULANKAJOKI,FI,66.36930000000,29.31520000000,1986,0.724379937944996,0.808320335651381,1.01762864256267,0.802732273689277,0.653236009212491,1.8,GRDC,,29.3583984375,66.3603515625,6,54,7300100,160,-,1966,2015,50,0.03000000000,0,0,0,0.00000000000,1966,2015,50,24.01000000000,0.76000000000,381.29000000000,mask_6854640
6854610,KUIVAJOKI,RAVASKA,FI,65.61880000000,25.29100000000,1279,0.649100946196587,0.764053936911112,1.11856333591086,0.768910544051284,0.579374627815404,11.9,GRDC,,25.3056640625,65.6181640625,6,54,6300210,30,-,1965,2014,50,0.01000000000,1965,2001,37,0.00000000000,1965,2014,50,16.51000000000,0.52000000000,407.11000000000,mask_6854610
6855272,KYMIJOKI,KARANKAJAERVI - OUTLET,FI,62.74960000000,24.84230000000,409,0.770044264098925,0.791947582926079,1.09614647633335,1.01869992813318,0.569663477465549,9.6,GRDC,,24.8427734375,62.7470703125,6,55,1401600,150,6855201,1910,2013,104,30.50000000000,0,0,0,0.00000000000,1910,2013,104,4.39000000000,0.14000000000,338.57000000000,mask_6855272
6854900,KYRONJOKI,SKATILA (LANSORSUND),FI,63.09200000000,21.88420000000,4833,0.744994635044481,0.847366517737837,1.12853437739426,0.841224466379442,0.708717779975401,12.9,GRDC,,21.8603515625,63.1552734375,6,54,4201000,5,-,1911,2012,102,0.00000000000,1911,2001,91,0.00000000000,1911,2012,102,43.39000000000,1.37000000000,283.13000000000,mask_6854900
6830102,PAATSJOKI,IVALOJOKI; PAJAKOSKI,FI,68.55460000000,27.27450000000,3345,0.772569904965396,0.832537139997687,1.07893121392682,0.867899651342877,0.689433692728372,7.9,GRDC,,27.2880859375,68.5634765625,6,30,7101320,130,6830104,1961,2013,53,8.52000000000,0,0,0,0.00000000000,1961,2013,53,38.89000000000,1.23000000000,366.66000000000,mask_6830102
6855330,RAVIJOKI (GULF OF FINLAND),RAVIJOKI,FI,60.52680000000,27.55660000000,57,0.593621779669419,0.693507051777595,0.926446878226881,0.743494115220689,0.475662187033392,-7.4,GRDC,,27.6064453125,60.5224609375,6,55,42,5,-,1958,2012,55,0.20000000000,0,0,0,0.00000000000,1958,2012,55,0.69000000000,0.02000000000,382.98000000000,mask_6855330
6830511,TANA (NO; FI),ONNELANSUVANTO,FI,69.91200000000,27.02700000000,10864,0.853198449929367,0.859670057245024,0.998309793677065,0.956926278636373,0.729572377183363,-0.2,GRDC,,27.0263671875,69.9111328125,6,30,6801000,69,6730500,1959,2013,55,0.00000000000,1993,2001,9,0.00000000000,1959,2013,55,136.94000000000,4.32000000000,397.52000000000,mask_6830511
6854750,TORNEAELVEN; TORNIONJOKI,MUONIONJOKI; MUONIO,FI,67.94570000000,23.66010000000,9259,0.887022114636483,0.897128601466135,1.00087014151684,0.953301811612874,0.801683872129137,0.1,GRDC,,23.6513671875,67.9482421875,6,54,6700800,233,-,1938,2013,76,18.57000000000,0,0,0,0.00000000000,1938,2013,76,122.77000000000,3.87000000000,418.15000000000,mask_6854750
6854753,TORNEAELVEN; TORNIONJOKI,KILPISJAERVI - OUTLET,FI,68.93840000000,20.85220000000,293,0.601045011703436,0.748439318375629,1.1394490492712,1.27647109940236,0.271694307041532,13.9,GRDC,,20.9033203125,68.9638671875,6,54,6700100,479,6854755,1952,2013,62,0.10000000000,0,0,0,0.00000000000,1952,2013,62,4.89000000000,0.15000000000,526.53000000000,mask_6854753
6855310,VANTAANJOKI,OULUNKYLAE,FI,60.23780000000,24.98430000000,1680,0.550008938567741,0.7741031803438,1.36571110276845,1.13310887104182,0.403917802442628,36.6,GRDC,,24.9833984375,60.2392578125,6,55,2101700,8,-,1937,2013,77,0.00000000000,0,0,0,0.00000000000,1937,2013,77,16.06000000000,0.51000000000,301.38000000000,mask_6855310
6855408,VUOKSI,KORPIJOKI,FI,63.72780000000,26.36910000000,122,0.439079830585365,0.599078368638488,1.22651686078642,0.679713575464037,0.342435196323629,22.7,GRDC,,26.3525390625,63.6689453125,6,55,61,110,6855411,1958,2016,59,0.64000000000,0,0,0,0.00000000000,1958,2016,59,1.29000000000,0.04000000000,333.97000000000,mask_6855408
6139501,AIN,CERNON (VOUGLANS),FR,46.39660000000,5.66500000000,1120,0.760264956180106,0.863945378544669,1.07792676515926,0.818645511531183,0.740604837018074,7.8,GRDC,,5.6826171875,46.4599609375,6,39,0,378,6139500,1933,2009,77,0.02000000000,0,0,0,0.00000000000,1933,2009,77,40.15000000000,1.27000000000,0.00000000000,mask_6139501
6123641,ALAGNON,JOURSAC (JOURSAC-LE-VIALARD),FR,45.16160000000,3.02880000000,310,0.665605678304216,0.764900138043431,1.23773210145585,1.00557361891168,0.478120430903304,23.8,GRDC,,3.0126953125,45.1396484375,6,23,0,924,6123640,1948,2012,65,7.84000000000,0,0,0,0.00000000000,1948,2012,65,6.39000000000,0.20000000000,650.15000000000,mask_6123641
6125230,ARAC,SOULAN (FREYCHET),FR,42.89820000000,1.23130000000,169,0.345304107927116,0.559869879420547,0.787193139084676,0.564539981165675,0.274619018098273,-21.3,GRDC,,1.1962890625,42.8349609375,6,25,0,541,6125100,1962,2012,51,2.37000000000,0,0,0,0.00000000000,1962,2012,51,6.06000000000,0.19000000000,0.00000000000,mask_6125230
6139130,BES (TRIB. RHONE),CHATILLON-EN-DIOIS,FR,44.69190000000,5.49030000000,227,0.552543760486761,0.703088159288964,1.31255620078868,1.11987104101265,0.254717484884917,31.3,GRDC,,5.4912109375,44.6923828125,6,39,0,611,6139100,1963,2012,50,0.33000000000,0,0,0,0.00000000000,1963,2012,50,4.22000000000,0.13000000000,586.68000000000,mask_6139130
6150500,FIUM-ALTO,TAGLIO-ISOLACCIO (ACITAJA),FR,42.44450000000,9.46990000000,114,0.398912727176154,0.612943563559625,1.26015680584097,0.620774920481901,0.366875188498119,26.0,GRDC,,9.4658203125,42.4462890625,6,50,0,88,-,1960,2012,53,5.48000000000,0,0,0,0.00000000000,1960,2012,53,1.35000000000,0.04000000000,372.35000000000,mask_6150500
6119010,GAVE DE PAU,BERENX (PONT DE BERENX),FR,43.50780000000,-0.85370000000,2575,0.729758206880635,0.730989958408568,1.02355775576292,0.989547420664728,0.466579046610584,2.4,GRDC,,-0.8544921875,43.5068359375,6,19,0,100,-,1923,2012,90,3.10000000000,0,0,0,0.00000000000,1923,2012,90,81.85000000000,2.58000000000,0.00000000000,mask_6119010
6123780,LIGNON DU VELAY,CHAMBON-AU-LIGNON,FR,45.05690000000,4.30040000000,139,0.510158165146333,0.657726033728426,1.07544083196119,0.657797960177709,0.430439032648802,7.5,GRDC,,4.2998046875,45.0595703125,6,23,0,983,6123500,1960,2012,53,1.58000000000,0,0,0,0.00000000000,1960,2012,53,3.08000000000,0.10000000000,698.78000000000,mask_6123780
6136200,MOSELLE RIVER,EPINAL,FR,48.16460000000,6.45210000000,1220,0.703989855060939,0.904916078362078,0.850138084217761,0.763098206104566,0.780500349679996,-15.0,GRDC,,6.4521484375,48.1650390625,6,36,0,369,6336800,1960,2012,53,0.00000000000,0,0,0,0.00000000000,1960,2012,53,38.15000000000,1.20000000000,986.12000000000,mask_6136200
6125360,TARN,ST-VICTOR-ET-MELVIEU (PINET),FR,44.07020000000,2.80240000000,2677,0.799651442204754,0.813624854292533,1.0416455801256,0.939423640509207,0.645190168143252,4.2,GRDC,,2.8037109375,44.0693359375,6,25,0,342,6125100,1933,1996,64,0.01000000000,0,0,0,0.00000000000,1933,1996,64,56.06000000000,1.77000000000,660.39000000000,mask_6125360
6139201,VERDON,DEMANDOLX (CASTILLON),FR,43.87850000000,6.53880000000,655,0.75939705171719,0.762825057858453,0.977220817648063,0.966549523263312,0.540028264956307,-2.3,GRDC,,6.5498046875,43.8701171875,6,39,0,843,6139100,1948,2009,62,0.00000000000,0,0,0,0.00000000000,1948,2009,62,12.65000000000,0.40000000000,609.01000000000,mask_6139201
6123440,VIGE,SAINT-MARTIN-SAINTE CATHERINE,FR,45.95520000000,1.57790000000,134,0.744714526919225,0.817661544956198,1.16140637881959,1.07662467914883,0.57203460081625,16.1,GRDC,,1.5693359375,45.9619140625,6,23,0,357,6123400,1958,2012,55,0.07000000000,0,0,0,0.00000000000,1958,2012,55,2.62000000000,0.08000000000,617.54000000000,mask_6123440
6605380,DERWENT (TRIB. IRISH SEA),CAMERTON,GB,54.66040000000,-3.49440000000,663,0.548148449622821,0.88739154743033,0.778061503354189,0.622862805209137,0.672619539353816,-22.2,GRDC,,-3.4951171875,54.6611328125,6,5,75002,17,-,1960,2009,50,0.00000000000,0,0,0,0.00000000000,1960,2009,50,26.65000000000,0.84000000000,0.00000000000,mask_6605380
6607120,FOWEY,RESTORMEL,GB,50.43110000000,-4.67950000000,169,0.615657781981017,0.813400956337788,0.816143378137688,0.718759035605625,0.619672203959865,-18.4,GRDC,,-4.6357421875,50.3701171875,6,7,48011,9,-,1961,2015,55,0.00000000000,0,0,0,0.00000000000,1961,2015,55,4.82000000000,0.15000000000,898.52000000000,mask_6607120
6604240,GIRVAN,ROBSTONE,GB,55.25880000000,-4.80770000000,246,0.461734570983499,0.742484683287751,1.38350605131456,0.723705515187108,0.468276859494679,38.4,GRDC,,-4.8056640625,55.2587890625,6,4,82001,9,--,1963,2015,53,0.00000000000,0,0,0,0.00000000000,1963,2015,53,6.83000000000,0.22000000000,877.61000000000,mask_6604240
6607851,MEDWAY,TESTON,GB,51.25090000000,0.44700000000,1256,0.423845630400396,0.741365415475341,1.37309882503568,0.645233490795045,0.495767925575522,37.3,GRDC,,0.4462890625,51.2529296875,6,7,40003,7,-,1956,2015,60,0.00000000000,0,0,0,0.00000000000,1956,2015,60,11.13000000000,0.35000000000,279.33000000000,mask_6607851
6609500,SEVERN (CENTRAL ENGLAND),BEWDLEY,GB,52.38300000000,-2.32130000000,4325,0.744171436300651,0.852443929661731,1.09764864994335,0.815229327881719,0.716664528072677,9.8,GRDC,,-2.3232421875,52.3857421875,6,9,54001,17,-,1921,2015,95,0.00000000000,1965,1984,20,15.00000000000,1921,2015,95,61.51000000000,1.94000000000,448.53000000000,mask_6609500
6604650,SPEY (SCOTLAND),BOAT O BRIG,GB,57.55100000000,-3.14040000000,2861,0.616623159478406,0.704153477398013,1.18883606794642,0.845748334352046,0.419269659624247,18.9,GRDC,,-3.1416015625,57.5537109375,6,4,8006,43,-,1952,2015,64,0.00000000000,1980,1984,5,0.00000000000,1952,2015,64,65.70000000000,2.07000000000,724.11000000000,mask_6604650
6605565,SWALE,CRAKEHILL,GB,54.15410000000,-1.35070000000,1363,0.65999277136744,0.812595102158213,1.0273132117771,0.717620276489754,0.650724467058869,2.7,GRDC,,-1.3349609375,54.1259765625,6,5,27071,12,-,1955,2015,61,0.00000000000,0,0,0,0.00000000000,1955,2015,61,20.51000000000,0.65000000000,474.47000000000,mask_6605565
6604610,TAY,BALLATHIE,GB,56.51440000000,-3.38700000000,4587,0.642405103202307,0.853005408401577,0.83989121428076,0.71604247326039,0.668347422371808,-16.0,GRDC,,-3.3857421875,56.5146484375,6,4,15006,26,-,1952,2015,64,0.00000000000,1980,1997,18,55.56000000000,1952,2015,64,171.59000000000,5.41000000000,0.00000000000,mask_6604610
6608200,TEIFI,GLAN TEIFI,GB,52.04540000000,-4.56170000000,894,0.616249942211988,0.860676922214805,0.896030712589319,0.657883683341354,0.690269194348693,-10.4,GRDC,,-4.5595703125,52.0458984375,6,8,62001,5,-,1959,2014,56,0.00000000000,1959,1966,8,0.00000000000,1959,2014,56,29.09000000000,0.92000000000,0.00000000000,mask_6608200
6607701,THAMES,DAYS WEIR,GB,51.63850000000,-1.17950000000,3445,0.702154649343948,0.800440131271855,1.21272133680884,1.06031040181338,0.536369210133649,21.3,GRDC,,-1.1787109375,51.6376953125,6,7,39002,46,6607650,1938,2015,78,0.00000000000,0,0,0,0.00000000000,1938,2015,78,28.85000000000,0.91000000000,264.13000000000,mask_6607701
6607230,TONE (S. ENGLAND),BISHOPS HULL,GB,51.01910000000,-3.13370000000,202,0.689311742471098,0.778244294430491,1.02529061582872,0.783870443565165,0.605172825341709,2.5,GRDC,,-3.1533203125,51.0185546875,6,7,52005,17,-,1961,2015,55,0.00000000000,0,0,0,0.00000000000,1961,2015,55,3.04000000000,0.10000000000,473.82000000000,mask_6607230
6605600,TRENT (N. ENGLAND),COLWICK,GB,52.95340000000,-1.07850000000,7486,0.808276648511513,0.865106020834062,1.10896411538913,1.08178190171562,0.685658839080736,10.9,GRDC,,-1.0771484375,52.9521484375,6,5,28009,16,-,1958,2015,58,0.00000000000,1965,1984,20,37.50000000000,1958,2015,58,84.59000000000,2.67000000000,356.35000000000,mask_6605600
6604750,TWEED (SCOTLAND),NORHAM,GB,55.72270000000,-2.16340000000,4390,0.649459045461439,0.813913088871949,1.05481929952528,0.708031736801438,0.648557451302683,5.5,GRDC,,-2.1904296875,55.6962890625,6,4,21009,4,-,1962,2015,54,0.00000000000,1980,1984,5,0.00000000000,1962,2015,54,81.48000000000,2.57000000000,585.33000000000,mask_6604750
6502141,BROSNA,FERBANE,IE,53.27010000000,-7.82780000000,1163,0.821699509552333,0.850522119940597,1.09687916073307,1.00786488922242,0.684964442449437,9.7,GRDC,,-7.7919921875,53.2529296875,6,2,25006,0,6502140,1952,2005,54,3.87000000000,0,0,0,0.00000000000,1952,2005,54,17.28000000000,0.54000000000,468.62000000000,mask_6502141
6503250,FEALE,LISTOWEL,IE,52.44230000000,-9.47570000000,647,0.270919369814178,0.685097905161639,0.699087420899875,0.41532328957117,0.346001177350435,-30.1,GRDC,,-9.4814453125,52.4423828125,6,3,23002,0,-,1946,2008,63,5.93000000000,0,0,0,0.00000000000,1946,2008,63,20.78000000000,0.66000000000,0.00000000000,mask_6503250
6503280,SUIR,CLONMEL,IE,52.35190000000,-7.69550000000,2144,0.674582507161278,0.881441993934406,0.779324773208496,0.7922910976301,0.695214194699117,-22.1,GRDC,,-7.6962890625,52.3525390625,6,3,16011,0,-,1953,2008,56,1.01000000000,0,0,0,0.00000000000,1953,2008,56,48.59000000000,1.53000000000,714.75000000000,mask_6503280
6349210,RIDANNA,VIPITENO,IT,46.88000000000,11.41000000000,207,0.673616890266009,0.70440319610197,0.877803389075765,1.06493421381315,0.352512411498143,-12.2,GRDC,,11.4189453125,46.8857421875,6,49,0,940,6349200,1955,2008,54,3.43000000000,0,0,0,0.00000000000,1955,2008,54,7.47000000000,0.24000000000,0.00000000000,mask_6349210
6348201,TANARO,FARIGLIANO,IT,44.51000000000,7.90000000000,1522,0.715725943910747,0.742514944319669,1.04606292847197,1.11131662808098,0.41394604127092,4.6,GRDC,,7.9130859375,44.5712890625,6,48,0,235,6348200,1942,2008,67,27.02000000000,0,0,0,0.00000000000,1942,2008,67,37.00000000000,1.17000000000,766.66000000000,mask_6348201
6349350,TORRENTE ASTICO,PEDESCALA,IT,45.84400000000,11.36770000000,138,0.54617020640311,0.697822411041531,0.960615064747586,0.663698032770241,0.485295823769806,-3.9,GRDC,,11.3681640625,45.8447265625,6,49,0,315,-,1950,2008,59,40.72000000000,0,0,0,0.00000000000,1950,2008,59,3.74000000000,0.12000000000,853.76000000000,mask_6349350
6974100,MINIJA,KARTENA,LT,55.92110000000,21.47690000000,1220,0.546037318789738,0.733987429342362,0.986508509581072,0.632389597712468,0.528317496988256,-1.3,GRDC,,21.4775390625,55.9248046875,6,74,74400,18,-,1933,2009,77,15.59000000000,1978,1986,9,0.00000000000,1933,2009,77,15.57000000000,0.49000000000,402.34000000000,mask_6974100
6731371,FLAKSVATN,TOVSDALSELV,NO,58.33050000000,8.20310000000,1781,0.714433954381976,0.826887081846553,0.901415518319355,0.795400430229994,0.674010502578205,-9.9,GRDC,,8.2060546875,58.3291015625,6,31,0,19,-,1899,2014,116,0.00000000000,0,0,0,0.00000000000,1899,2014,116,60.96000000000,1.92000000000,0.00000000000,mask_6731371
6731530,FLISA,KNAPPOM,NO,60.63000000000,12.03000000000,1625,0.745774737986263,0.839410140874108,1.18289542993948,0.926579003690137,0.676555378269933,18.3,GRDC,,12.0791015625,60.6455078125,6,31,2,164,6731400,1916,2014,99,1.02000000000,1917,1988,72,0.00000000000,1916,2014,99,23.36000000000,0.74000000000,453.42000000000,mask_6731530
6731502,GAULA,EGGAFOSS,NO,62.89010000000,11.18390000000,654,0.692040574282075,0.797501095671207,0.992408502886681,0.768104396752049,0.635120982735793,-0.8,GRDC,,11.1806640625,62.8798828125,6,31,0,330,6731500,1941,2015,75,0.00000000000,0,0,0,0.00000000000,1941,2015,75,17.31000000000,0.55000000000,834.24000000000,mask_6731502
6731165,GAULAR,VIKSVATN,NO,61.33000000000,5.87000000000,505,0.678296032220494,0.776541424392235,0.774286741203752,0.948880212480835,0.504990696699339,-22.6,GRDC,,5.8720703125,61.3330078125,6,31,0,0,-,1902,2007,106,0.07000000000,0,0,0,0.00000000000,1902,2007,106,41.46000000000,1.31000000000,0.00000000000,mask_6731165
6731220,HAELVI,HAUGLAND,NO,58.69290000000,5.64760000000,139,0.723230693008863,0.829630338255782,0.981673551222807,0.782653343884172,0.685805397339554,-1.8,GRDC,,5.6435546875,58.6904296875,6,31,0,18,-,1918,2015,98,0.00000000000,0,0,0,0.00000000000,1918,2015,98,6.72000000000,0.21000000000,0.00000000000,mask_6731220
6731453,JON,AULESTAD,NO,61.21540000000,10.26930000000,866,0.679630971985061,0.82547710969851,0.962401548642832,0.733984152111959,0.672473395359773,-3.8,GRDC,,10.2158203125,61.2216796875,6,31,0,200,-,1929,2014,86,0.00000000000,0,0,0,0.00000000000,1929,2014,86,15.16000000000,0.48000000000,551.99000000000,mask_6731453
6731140,KINSO,HOLEN,NO,60.38000000000,6.74000000000,229,0.770422579732698,0.793112008777084,0.904299875639114,1.02728804100054,0.568432649036842,-9.6,GRDC,,6.7529296875,60.3525390625,6,31,0,0,-,1923,2015,93,0.00000000000,0,0,0,0.00000000000,1923,2015,93,11.78000000000,0.37000000000,0.00000000000,mask_6731140
6731725,LAKSELVA (NO; NORDLAND),SKARSVATN,NO,67.08400000000,14.98150000000,145,0.745091253477554,0.817968340808351,1.11461270714521,0.863226934426303,0.660392953743868,11.5,GRDC,,14.9814453125,67.0830078125,6,31,0,162,-,1916,2014,99,0.00000000000,0,0,0,0.00000000000,1916,2014,99,5.18000000000,0.16000000000,0.00000000000,mask_6731725
6731555,NAMSEN,BERTNEM,NO,64.46810000000,12.05870000000,5163,0.714513526349059,0.797091583394387,0.811890816537659,0.929674782578483,0.573629916421513,-18.8,GRDC,,12.0712890625,64.4677734375,6,31,0,4,-,1961,2014,54,0.00000000000,0,0,0,0.00000000000,1961,2014,54,245.47000000000,7.74000000000,0.00000000000,mask_6731555
6731770,OKSFJORDELV,OKSFJORDVATN,NO,69.90020000000,21.37680000000,266,0.547122917499605,0.708744529602497,0.734315991195908,0.777110093805517,0.455395324457209,-26.6,GRDC,,21.3369140625,69.9033203125,6,31,0,5,-,1955,2015,61,0.00000000000,0,0,0,0.00000000000,1955,2015,61,9.45000000000,0.30000000000,0.00000000000,mask_6731770
6731020,RAUMA,HORGHEIM,NO,62.47410000000,7.78200000000,1099,0.778981636750247,0.827498899180959,1.02693634821528,1.13552461125066,0.589465877235178,2.7,GRDC,,7.7236328125,62.5361328125,6,31,0,60,-673111,1912,2015,104,0.00000000000,0,0,0,0.00000000000,1912,2015,104,36.53000000000,1.15000000000,0.00000000000,mask_6731020
6731905,SALANGSELV,VASSAS,NO,68.88000000000,17.88000000000,580,0.786502503803675,0.827759053323526,0.907118647104775,0.914634366080699,0.672027205494323,-9.3,GRDC,,17.8603515625,68.8623046875,6,31,0,0,,1913,2015,103,2.36000000000,1914,1974,61,0.00000000000,1913,2015,103,22.12000000000,0.70000000000,0.00000000000,mask_6731905
6731390,TANNSELV,TANNSVATN,NO,59.67320000000,8.06740000000,118,0.731951641315485,0.799354060071527,1.166863897377,0.938782607570731,0.607075123856976,16.7,GRDC,,8.0654296875,59.6708984375,6,31,0,697,-,1955,2015,61,0.00000000000,0,0,0,0.00000000000,1955,2015,61,2.73000000000,0.09000000000,728.37000000000,mask_6731390
6731601,VEFSNA,LAKFORS,NO,65.62150000000,13.29070000000,3650,0.828180606703492,0.856366364666873,0.955384319190167,1.08307059491568,0.680227760766583,-4.5,GRDC,,13.2880859375,65.6220703125,6,31,0,42,-,1908,2014,107,20.56000000000,0,0,0,0.00000000000,1908,2014,107,148.05000000000,4.67000000000,0.00000000000,mask_6731601
6229100,ENNINGDALSAELVEN,VASSBOTTEN,SE,58.87730000000,11.53900000000,624,0.731770400579128,0.776886120720869,0.920767441616104,0.873946374227311,0.585587145558115,-7.9,GRDC,,11.5595703125,58.8447265625,6,29,0,39,-,1914,2016,103,0.00000000000,1981,1998,18,0.00000000000,1914,2016,103,10.78000000000,0.34000000000,544.92000000000,mask_6229100
6233400,FYRSJOEN,FYRAS,SE,63.51700000000,15.38950000000,2428,0.749891591896433,0.823629344182401,1.17692512957781,0.987954000894639,0.630854425129473,17.7,GRDC,,15.4228515625,63.4794921875,6,33,0,299,5233401,1923,2016,94,0.00000000000,1981,1998,18,0.00000000000,1923,2016,94,32.82000000000,1.03000000000,426.20000000000,mask_6233400
6233200,GROETSJOEN,GROETSJOEN,SE,61.81340000000,12.44330000000,565,0.789572848753556,0.842554302480963,1.12222282988738,0.932531354180192,0.693418833554704,12.2,GRDC,,12.4404296875,61.8173828125,6,33,0,64,6233201,1927,2016,90,0.00000000000,1981,1998,18,0.00000000000,1927,2016,90,8.72000000000,0.28000000000,486.77000000000,mask_6233200
6233250,HELGE A,TORSEBRO KRV (POWERSTATION),SE,56.10300000000,14.12940000000,3664,0.587945757083628,0.776328521735815,1.29071289861396,1.1877385935176,0.307307877845,29.1,GRDC,,14.1240234375,56.0771484375,6,33,0,11,-,1908,2015,108,0.00000000000,0,0,0,0.00000000000,1908,2015,108,36.21000000000,1.14000000000,311.60000000000,mask_6233250
6233550,KASSJOEAN,STORSILLRET,SE,62.66190000000,16.28980000000,164,0.78479677356259,0.864613983645456,1.01983881003119,0.833899196686876,0.746431121718833,2.0,GRDC,,16.2900390625,62.6630859375,6,33,0,224,6233551,1966,2016,51,0.01000000000,1981,1997,17,0.00000000000,1966,2016,51,1.81000000000,0.06000000000,348.63000000000,mask_6233550
6233720,OEREAELVEN,TORRBOELE,SE,63.70000000000,19.61000000000,2860,0.741894273889509,0.816626447438026,1.18153795161243,0.993943747347879,0.619455502722629,18.2,GRDC,,19.5595703125,63.7119140625,6,33,0,0,-,1949,2005,57,0.00000000000,0,0,0,0.00000000000,1949,2005,57,32.89000000000,1.04000000000,362.70000000000,mask_6233720
6233780,RANEAELVEN,NIEMISEL,SE,66.02160000000,21.96670000000,3781,0.7923068805541,0.834529569021055,1.0471604923819,0.88367349272368,0.693032200928209,4.7,GRDC,,21.9736328125,66.0107421875,6,33,0,0,-,1900,2015,116,4.08000000000,1924,1998,75,0.00000000000,1900,2015,116,40.78000000000,1.29000000000,340.15000000000,mask_6233780
6233600,VATTHOLMAAN,VATTHOLMA 2,SE,60.01960000000,17.73060000000,294,0.594758630421794,0.746091322720598,1.26858421065331,1.16617302129883,0.317546793753777,26.9,GRDC,,17.7568359375,60.0810546875,6,33,0,21,-,1916,2016,101,0.10000000000,1981,1998,18,0.00000000000,1916,2016,101,2.11000000000,0.07000000000,226.70000000000,mask_6233600
6233680,VINDELAELVEN,SORSELE 2,SE,65.54220000000,17.50830000000,6056,0.83939897544493,0.8415154367346,1.01614717308224,1.02036175572405,0.676004147582377,1.6,GRDC,,17.5087890625,65.5419921875,6,33,0,340,6233510,1909,2016,108,0.17000000000,1920,1998,79,0.00000000000,1909,2016,108,123.75000000000,3.90000000000,644.36000000000,mask_6233680
6233100,VISKAN,ASBRO 3,SE,57.23980000000,12.31000000000,2160,0.736518517742415,0.785978052919517,1.03304956727063,0.849917276931163,0.612334230463641,3.3,GRDC,,12.3232421875,57.2392578125,6,33,0,2,-,1909,2016,108,0.07000000000,1927,1998,72,0.00000000000,1909,2016,108,35.51000000000,1.12000000000,518.46000000000,mask_6233100
6545050,SAVA,CATEZ I,SI,45.89320000000,15.60970000000,10186,0.817639096442785,0.861517338982171,0.898896538726942,1.06209784104325,0.687086133210256,-10.1,GRDC,,15.6240234375,45.8974609375,6,45,3850,137,6544800,1956,2012,57,0.00000000000,1956,2001,46,0.00000000000,1956,2012,57,277.46000000000,8.75000000000,859.01000000000,mask_6545050
6545110,SORA,SUHA 1,SI,46.16200000000,14.32600000000,566,0.746176900133139,0.792749922195931,0.963518268756575,0.858075179895438,0.623382636352937,-3.6,GRDC,,14.3251953125,46.1630859375,6,45,4200,329,6545102,1961,2012,52,1.92000000000,0,0,0,0.00000000000,1961,2012,52,19.62000000000,0.62000000000,0.00000000000,mask_6545110
6142660,HRON,BREHY,SK,48.40720000000,18.64780000000,3821,0.536054082494649,0.739111734872156,1.33846109946398,1.18063004079636,0.252861711012343,33.8,GRDC,,18.6474609375,48.4091796875,6,42,7290,195,6442500,1930,2008,79,0.00000000000,1931,1970,40,0.00000000000,1930,2008,79,46.29000000000,1.46000000000,382.07000000000,mask_6142660
